,city,count,latitude,longitude
0,100 Mile House,45,51.6427866,-121.2956943
1,175 St. Paul Crescent,2,43.1504421,-79.2469205
2,Abbotsford,770,49.0521162,-122.329479
3,Acton Vale,49,45.6471564,-72.5654107
4,Airdrie,780,51.28597,-114.01062
5,Ajax,463,43.8505287,-79.0208814
6,Aldergrove,53,53.5167841,-113.6412
7,Alliston,24,46.054487800000004,-62.625228911935594
8,Alma,1002,48.548887,-71.651459
9,Altona,29,49.1031109,-97.5583611
10,Alvinston,40,42.8208904,-81.8696455
11,Amherst,249,45.8286903,-64.2040548
12,Amherstburg,116,42.1013315,-83.1086458
13,Amos,236,48.5718519,-78.1160856
14,Amqui,45,48.4656706,-67.4315171
15,Ancaster,8,43.225693,-79.976692
16,Antigonish,72,45.6213607,-61.9904928
17,Arborg,35,50.9038419,-97.2224831
18,Arnprior,66,45.433515,-76.3543692
19,Arthur,73,43.8309446,-80.5355526
20,Ascot Corner,13,45.4491301,-71.7654815
21,Assiniboia,34,49.6279544,-105.98864202645085
22,Athabasca,7,55.1980385,-113.8700509
23,Atholville,34,47.9889485,-66.7205611
24,Aurora,288,43.99973,-79.467545
25,Aylmer,172,45.3950895,-75.8442452
26,Baie-comeau,716,49.2175838,-68.1524947
27,Baie-saint-paul,96,47.444343,-70.505447
28,Bancroft,73,45.0570769,-77.8537127
29,Barrhead,54,54.1688675,-114.4747952
30,Barrie,4672,44.3893113,-79.6901736
31,Barrington Passage,12,43.5272614,-65.6091642
32,Bathurst,228,47.626529,-65.654297
33,Bay Roberts,21,47.575924,-53.2833409
34,Beauceville,36,46.210725,-70.774269
35,Beauharnois,88,45.3139778,-73.875834
36,Beausejour,29,50.0619312,-96.5140821
37,Becancour,9,46.339343,-72.433205
38,Belleville,944,44.1633264,-77.3852556
39,Belmont,21,45.4246967,-63.3850444
40,Beloeil,27,45.5643183,-73.2040066
41,Beresford,11,47.7047087,-65.7032868
42,Berthierville,11,46.0828098,-73.1747099
43,Berwick,42,45.0455684,-64.7362073
44,Black Creek,42,45.615876,-77.1498692
45,Black Diamond,12,50.6845617,-114.22694703481409
46,Blainville,2858,45.67932,-73.87619
47,Blind River,22,46.188388,-82.95639
48,Bloomingdale,6,43.5095128,-80.4624378
49,Blvd Rimouski,25,48.5104006,-68.461256
50,Boisbriand,594,45.6130352,-73.8386827
51,Boischatel,434,46.896801,-71.135788
52,Bonaventure,18,48.0444351,-65.4925807
53,Bonnyville,45,54.267925,-110.741515
54,Boucherville,630,45.6050197,-73.4526144
55,Bouctouche,8,46.4735119,-64.7236147
56,Bowmanville,340,43.9122995,-78.6891675
57,Bracebridge,125,45.041508,-79.310989
58,Bradford,132,44.1171265,-79.5560133
59,Bradford West Gwillimbury,71,44.1143279,-79.5647069
60,Brampton,7060,43.6858146,-79.7599337
61,Brandon,742,49.8511143,-99.9608924
62,Brant,60,50.4194819,-113.5410668
63,Brantford,1622,43.1408157,-80.2631733
64,Brantford Ontario,45,43.1408157,-80.2631733
65,Bridgewater,125,44.3774134,-64.5193946
66,Brockville,523,44.5895925,-75.6843332
67,Brooks,111,50.571027,-111.893005
68,Brossard,2674,45.4554829,-73.4678904
69,Brunkild,7,49.5924369,-97.5737861
70,Burin,220,47.0367243,-55.1666274
71,Burlington,3552,43.3248924,-79.7966835
72,Burnaby,2235,49.2433804,-122.9725459
73,Caledon,1119,43.827060149999994,-79.9061036956765
74,Caledonia,58,43.6923702,-79.4653558
75,Calgary,15923,51.0460954,-114.065465
76,Cambridge,1121,43.3600536,-80.3123023
77,Cameron,22,49.2545398,-122.90534139950856
78,Campbell River,193,50.023071,-125.2441538
79,Campbellford,37,44.3085912,-77.798084
80,Camrose,173,53.013131,-112.840576
81,Candiac,1247,45.3867947,-73.5163824
82,Canmore,215,51.0866897,-115.3481135
83,Cap-aux-meules,4,47.377501,-61.8661738
84,Caplan,9,48.128367749999995,-65.6807855853067
85,Capreol,33,46.705969,-80.922546
86,Caraquet,17,47.7909581,-64.9491778
87,Carbonear,333,47.733123,-53.2366225
88,Cardinal,15,44.7877017,-75.3800984
89,Cardston,19,49.1930694,-113.3092962
90,Carignan,21,45.437955,-73.3554902
91,Carleton Pl,405,45.1403366,-76.1465672
92,Carleton Place,53,45.1403366,-76.1465672
93,Carlyle,39,49.633333,-102.266667
94,Carman,122,49.5082995,-98.0016853
95,Carstairs,106,51.563216,-114.1000016
96,Casselman,32,45.313529,-75.086746
97,Castlegar,20,49.316171,-117.663574
98,Causapscal,31,48.3542375,-67.2269621
99,Chambly,266,45.4473898,-73.2932002
100,"Chandler, Qc",39,48.3491804,-64.6775915
101,Channel-port Aux Basques,22,47.594932549999996,-59.132478200471056
102,Charing Cross,16,42.3326838,-82.0972525
103,Charlemagne,311,45.725519649999995,-73.4896922220162
104,Charlesbourg,240,46.89564985,-71.2908285897658
105,Charlottetown,855,46.234953,-63.132935
106,Chateau-Richer,109,46.971117,-71.017685
107,Chateauguay,296,45.3602416,-73.749364
108,Chatham,42,42.4057219,-82.1853837
109,Chatham-kent,1541,42.41833,-82.0898417
110,Chemainus,39,48.922499,-123.718414
111,Chesley,14,44.29874,-81.0952892
112,Chibougamau,143,49.9137407,-74.3713954
113,Chicoutimi,148,48.3370248,-71.12352613559267
114,Chilliwack,2515,49.157677,-121.9514307
115,"Church Point, Ns",131,44.340335,-66.1113132
116,Clarence-rockland,78,45.5247978,-75.2607533
117,Clarenville,464,48.1679902,-53.9646413
118,Claresholm,83,50.0239458,-113.5800285
119,Clarington,47,43.96868585,-78.65135738273909
120,Clermont,23,47.694512,-70.2262202
121,Coaticook,14,45.1334169,-71.803479
122,Cobourg,314,43.9595998,-78.1677784
123,Cochrane,280,51.1874627,-114.4710708
124,Cold Lake,90,54.531373,-110.06616551026912
125,Coldbrook,108,45.0682627,-64.5651667
126,Collingwood,169,44.5027226,-80.2172379
127,Conception Bay South,31,47.50674745,-52.9905179737796
128,Concord,91,45.452798,-62.7905136
129,Consort,1,52.0094273,-110.7752786
130,Contrecoeur,29,45.8573781,-73.2374307
131,Coombs,8,49.3048704,-124.4195892
132,Coquitlam,1289,49.2842958,-122.793281
133,Corner Brook,351,48.95317,-57.947388
134,Cornwall,556,45.0184417,-74.728703
135,Courtenay,452,49.6894061,-124.9954959
136,Courtice,32,43.9118139,-78.7780561
137,Cow Bay,435,44.6205054,-63.4220884
138,Cowansville,2327,45.2076125,-72.7479195
139,Cranbrook,397,49.5107477,-115.7672772
140,Creston,67,49.0971526,-116.5129759
141,Cur-labelle Nord,19,45.7500255,-73.9772115
142,Dalhousie,18,48.0634448,-66.369555
143,Dartmouth,3805,44.6799707,-63.5720232
144,Dauphin,18,51.153509,-100.04425
145,Dawson Creek,1002,55.7605306,-120.2364453
146,Dayton,103,43.8732781,-66.1049123
147,Delson,148,45.3749509,-73.5413403
148,Delta,13,49.0846258,-123.0579384
149,Deschaillons-sur-saint-laurent,90,46.556736,-72.114258
150,Devon,108,75.76378995,-90.64839408601
151,Dieppe,261,46.0945258,-64.7354772
152,Dolbeau-mistassini,348,48.883231,-72.233734
153,Dollard-des Ormeaux,60,45.48423,-73.8064547
154,Dollard-des-ormeaux,338,45.48423,-73.8064547
155,Donnacona,1142,46.676532,-71.73008
156,Dorchester,9,45.8992863,-64.5170033
157,Dorval,387,45.4453082,-73.7510888
158,Drayton Valley,79,53.21411265,-114.98288279058107
159,Drumheller,49,51.40159695,-112.61851667346612
160,Drummondville,1636,45.8864303,-72.5018764
161,Dryden,87,49.785698,-92.835846
162,Dufferin,11,43.6602019,-79.4357191
163,Dugald,32,49.8857175,-96.8428231
164,Duncan,371,48.7786872,-123.7080446
165,Dundurn,56,51.8095566,-106.5071698
166,Dunnville,38,42.9059168,-79.6188457
167,Dutton,10,42.6640129,-81.5026543
168,East Angus,24,45.4828558,-71.6594817
169,Eastern Passage,32,44.6116121,-63.4895289
170,Edmonton,18615,53.535411,-113.507996
171,Edmundston,199,47.364409,-68.328094
172,Edson,482,53.58102205,-116.45217961332912
173,Elie,3,49.9011596,-97.7578806
174,Elmira,6,43.5918999,-80.5121994
175,Elmvale,14,44.5837294,-79.8661611
176,Embrun,83,45.2742012,-75.2749125
177,Espanola,35,46.265341,-81.769867
178,Essex,212,41.875,-82.492891325
179,Esterhazy,24,50.65318275,-102.07124272379858
180,Estevan,75,49.1428076,-102.9910752
181,Etobicoke,162,43.6435559,-79.5656326
182,Exeter,132,43.3449871,-81.4801081
183,Fairview,66,56.073947,-118.3797878
184,Falmouth,53,44.9970721,-64.1639179
185,Farnham,30,45.2831,-72.974968
186,Fergus,72,43.7059439,-80.3779366
187,Fernie,144,49.5041747,-115.062867
188,Flesherton,24,44.2610602,-80.5457496
189,Flin Flon,188,54.769801,-101.878967
190,Fort Erie,19,42.91308,-78.918611
191,Fort Frances,155,48.6114425,-93.3967615
192,Fort Macleod,114,49.7264403,-113.4074009
193,Fort Mcmurray,938,56.7291997,-111.3885221
194,Fort Qu'appelle,25,50.7719106,-103.7958877
195,Fort Saskatchewan,185,53.7128571,-113.2148942
196,Fort St John,126,56.2524039,-120.846943
197,Fort St. John,29,56.2524039,-120.846943
198,Forteau,4,51.46466335,-56.93751349662313
199,Fredericton,1821,45.94780155,-66.65347069241668
200,Gananoque,55,44.3352722,-76.1646638
201,Gander,756,48.9592291,-54.6187879
202,Gasp,33,49.2731264,-122.8556133
203,Gasp�,14,49.2731264,-122.8556133
204,Gatineau,2611,45.4841214,-75.6813728
205,Georgetown,25,46.1844077,-62.5315437
206,Georgina,99,44.341595749999996,-79.34615813017496
207,Gibsons,39,49.399395299999995,-123.51006228641512
208,Gimli,55,50.66179565,-97.04711772786553
209,Glencoe,6,45.9490042,-61.3267909
210,Gloucester,44,45.4350565,-75.6089267
211,Goderich,1015,43.7430924,-81.7110949
212,Golden,15,51.2982585,-116.9642785
213,Gorrie,9,43.8711909,-81.1092278
214,Granby,1645,45.3990409,-72.721834
215,Grand Falls-windsor,354,48.944151,-55.652618
216,Grand Forks,40,49.03333625,-118.45018043556618
217,Grand Sault Grand Falls,31,47.0537097,-67.77897451624645
218,Grand-sault,158,47.0463119,-67.7393601
219,Grande Prairie,3950,55.17108,-118.7949873
220,Grande-Riviere,5,67.4196602,-131.6356943
221,Gravenhurst,27,44.91741,-79.373131
222,Greater Sudbury,1584,46.49272,-80.991211
223,Green Valley,26,45.258352,-74.5970907
224,Greenwood,130,49.089585,-118.676876
225,Grenville,13,45.622998,-74.5969294
226,Grimsby,1005,43.1932094,-79.5606922
227,Grimshaw,22,56.1879236,-117.6082752
228,Guelph,2538,43.5460516,-80.2493276
229,Hagersville,8,42.961976,-80.0517133
230,Hague,29,52.511206,-106.417694
231,Haliburton,66,45.6893734,-62.7420893
232,Halifax,2917,44.648618,-63.5859487
233,Halton Hills,435,43.64701,-80.017604
234,Hamilton,3036,43.2560802,-79.8728583
235,Hanna,40,51.6445566,-111.927479
236,Hanover,85,49.421589499999996,-96.7814848768908
237,Happy Valley-goose Bay,10,53.2964352,-60.3111895
238,Hartford,8,45.7568843,-63.6292737
239,Hawkesbury,188,45.610281,-74.6055611
240,Hay River,9,60.8155874,-115.7866099
241,Headingley,116,49.868087,-97.391052
242,Hearst,94,49.690732,-83.666382
243,Hebbville,135,44.3459493,-64.5453646
244,Herouxville,35,46.677239,-72.617569
245,High Level,54,58.516667,-117.133333
246,High Point,15,49.007570799999996,-122.67176353256122
247,High Prairie,119,55.4358916,-116.4894792
248,High River,125,50.5797079,-113.8569213
249,Hinton,63,53.3990512,-117.5886772
250,Holland Landing,29,44.1015097,-79.4914772
251,Hope,120,49.3799438,-121.441351
252,Hornby,64,43.5685294,-79.841421
253,Houston,75,54.3982667,-126.6477077
254,Humboldt,472,52.2020709,-105.1231093
255,Huntingdon,20,45.087339,-74.173851
256,Huntsville,454,45.3263919,-79.218434
257,Ile-des-soeurs,58,45.2937286,-74.0393565
258,Indian Head,20,50.533333,-103.666667
259,Ingersoll,56,43.037725,-80.88211
260,Ingleside,17,44.9954941,-74.9867427
261,Innisfail,209,52.0200845,-113.9494301
262,Innisfil,195,44.3150892,-79.5461073
263,Jarvis,10,42.8844706,-80.1139414
264,Joliette,503,46.0239798,-73.4419936
265,Kaladar,14,44.647651,-77.12162
266,Kamloops,661,50.6758269,-120.339415
267,Kapuskasing,27,49.416667,-82.433333
268,Kawartha Lakes,256,44.575616,-78.8486034
269,Kelowna,3633,49.8879177,-119.4959025
270,Kemptville,75,44.0462261,-65.8349997
271,Kenora,113,49.766215,-94.4893528
272,Kentville,680,45.0784875,-64.495212
273,Keswick,1,53.4190007,-113.636786
274,Killaloe,9,45.5563714,-77.4181237
275,Killam,18,52.7929777,-111.8549407
276,Killarney,9,49.21801175,-123.03711501300283
277,Kimberley,18,49.6850876,-115.9819477
278,Kincardine,100,44.1776378,-81.6348713
279,Kindersley,65,51.4687094,-109.1581355
280,King,18,43.6489494,-79.3777538
281,Kingston,1636,44.230687,-76.481323
282,Kipling,41,50.1001332,-102.6331656
283,Kirkland,64,45.4529194,-73.8647559
284,Kirkland Lake,3,48.154177,-80.031281
285,Kitchener,2689,43.451291,-80.4927815
286,Komoka,56,42.9452837,-81.4321521
287,L'Epiphanie,51,45.8496816,-73.48463299084608
288,L'Etang-du-nord,20,47.3725481,-61.9513422
289,L'ancienne-lorette,37,46.8063745,-71.3584717
290,L'ange-gardien,19,46.916738,-71.091499
291,L'assomption,15,45.8307051,-73.4222086
292,L'le-des-soeurs,23,47.037344,-70.4564271
293,L'le-perrot,174,45.3553727,-73.8880368
294,La Guadeloupe,12,45.961413,-70.938034
295,La Malbaie,252,47.657525,-70.153885
296,La Prairie,517,45.4175472,-73.4891432
297,La Sarre,132,48.8000956,-79.2010223
298,La Tuque,6,47.441092,-72.78511
299,Labrador City,11,52.9422944,-66.9177291
300,Lac La Biche,19,54.871689450000005,-112.18106705000002
301,Lac-Megantic,37,45.5772636,-70.8819927
302,Lac-etchemin,88,46.398804,-70.508194
303,Lachine,689,45.4486681,-73.7111856
304,Lachute,139,45.6560478,-74.3401388
305,Lacombe,82,52.3788872,-113.8225021
306,Lakeshore,91,42.3038299,-82.8189267
307,Lambton Shores,41,43.19264175,-81.90202425000001
308,Langenburg,56,50.8417915,-101.7015535
309,Langford,57,48.4497693,-123.5046662
310,Langley,332,49.098648749999995,-122.65923259915698
311,Langley City,2348,49.1039289,-122.657047
312,Lasalle,103,45.4325141,-73.6292667
313,Laurier-station,55,46.540207,-71.632919
314,Laval,11867,45.60558895,-73.73441730569056
315,Leamington,107,42.0531166,-82.5996998
316,Leduc,1206,45.25333475,-74.11875879336566
317,Legal,18,53.9487406,-113.5954265
318,Les Escoumins,10,48.34621,-69.404068
319,Lethbridge,1501,49.694285,-112.851562
320,Levis,1724,46.7910096,-71.1753274
321,Lincoln,36,49.2803689,-122.7940158
322,Lindsay,10,44.3551266,-78.7369939
323,Listowel,229,43.731593,-80.952882
324,Lloydminster,272,53.278472,-110.0300919
325,Logan Lake,41,50.4944633,-120.8133659
326,London,6280,42.9537654,-81.2291529
327,Longueuil,2198,45.5333387,-73.4200318
328,Lorrainville,24,47.354641,-79.351501
329,Louiseville,94,46.255609,-72.947502
330,Lourdes,12,46.326542,-71.819344
331,Lower Sackville,491,44.7734627,-63.6884186
332,Lucan,11,43.1878148,-81.4031356
333,Lucknow,6,43.961848,-81.5172512
334,Lunenburg,57,44.375059199999995,-64.31677401717903
335,Madoc,21,44.58180005,-77.50766798148976
336,Magog,702,45.265463,-72.147903
337,Maniwaki,8,46.3778839,-75.9807967
338,Manning,3,56.9234624,-117.6272624
339,Maple Creek,7,49.90597555,-109.4791629731807
340,Maple Ridge,1991,49.2197345,-122.5997078
341,Markham,2659,43.8563707,-79.3376825
342,Marmora,1,44.4827759,-77.6823297
343,Marystown,12,47.1658498,-55.1579778
344,Mascouche,950,45.7453521,-73.6005591
345,Matane,80,48.8468633,-67.5295977
346,Matheson,6,53.5645621,-113.55400766871793
347,Mcmasterville,138,45.5492232,-73.2302916
348,Meadow Lake,62,54.13026,-108.435059
349,Meaford,14,44.6069298,-80.5916531
350,Medicine Hat,906,50.04303,-110.679016
351,Melanson Settlement,23,46.0830801,-64.6437964
352,Melfort,138,52.8613707,-104.6135544
353,Melita,13,49.2691138,-100.9904623
354,Melville,15,50.9307241,-102.807296
355,Mercier,191,45.310444,-73.746051
356,Merritt,12,50.1124876,-120.7884149
357,Metabetchouan-lac--la-croix,17,48.4280612,-71.8716133
358,Middle Sackville,46,44.8014509,-63.7296755
359,Middleton,1111,44.942431,-65.0680746
360,Midland,310,44.750147,-79.885712
361,Mill Bay,17,48.651057,-123.556366
362,Milton,1435,43.513671,-79.882817
363,Milton Ns,33,44.0567521,-64.7486118
364,Mindemoya,61,45.7328062,-82.166309
365,Minden,28,44.9254436,-78.72493
366,Minto,38,46.0776889,-66.0784986
367,Mirabel,1163,45.6337518,-74.09484872905725
368,Miramichi,500,47.032695,-65.494995
369,Mission,1074,49.2308169,-122.34689898596106
370,Mississauga,7456,43.5896231,-79.6443879
371,Mitchell,18,49.5316596,-96.7605562
372,Moncton,1601,46.097995,-64.80011
373,Mono,168,43.9462199,-80.1042319
374,Mont Laurier,17,46.5524071,-75.4968899
375,Mont-joli,52,48.583875,-68.183899
376,Mont-laurier,209,46.5524071,-75.4968899
377,Mont-royal,534,45.5086157,-73.5903112
378,Mont-saint-hilaire,36,45.5623512,-73.1918864
379,Mont-tremblant,12,46.11588,-74.5891426
380,Montague,39,46.1708855,-62.6538278
381,Montmagny,768,46.9398912,-70.51858315005107
382,Montreal,5320,45.5031824,-73.5698065
383,Montreal Nord,34,45.604752950000005,-73.62765815990457
384,Montreal-est,124,45.6309797,-73.4977437
385,Montreal-ouest,1,45.452853,-73.6442548
386,Moose Jaw,426,50.401515,-105.542908
387,Moosomin,97,50.145009400000006,-101.67100242408864
388,Morden,18,49.1927055,-98.1014567
389,Morrisburg,25,44.8977043,-75.1829545
390,Mount Brydges,59,42.9097165,-81.4957317
391,Mount Forest,6,43.9806979,-80.7338237
392,Mount Pearl,278,47.518937699999995,-52.81444433806577
393,Nanaimo,920,49.163877,-123.938122
394,Napanee,451,44.2534894,-76.9542687
395,Neepawa,14,50.2319353,-99.4637261
396,Nelson,35,49.494891,-117.290039
397,Nepean,67,45.3446891,-75.7639408
398,Neuville,1,46.698199,-71.584854
399,New Canada,52,44.489342199999996,-64.67955045946746
400,New Glasgow,295,45.5869474,-62.6483547
401,New Hamburg,125,43.3784216,-80.7097716
402,New Liskeard,56,47.508731,-79.6789029
403,New Minas,327,45.0659745,-64.4556651
404,New Richmond,100,48.1651194,-65.8655584
405,New Tecumseth,25,44.0818996,-79.77443058053504
406,New Westminster,860,49.2067726,-122.9108818
407,Newbury,16,42.684563,-81.7993229
408,Newmarket,1388,44.056258,-79.461708
409,Niagara Falls,469,43.1065603,-79.0639039
410,Niagara-on-the-lake,33,43.2556116,-79.0723264
411,Nicolet,25,46.2273284,-72.6191889
412,Nipawin,407,53.362846,-104.017181
413,Nipigon,25,49.80096655,-88.32428746349896
414,Nisku,29,53.333333,-113.533333
415,Nobleton,61,43.9022127,-79.652722
416,North Battleford,223,52.776186,-108.300476
417,North Bay,917,46.3092115,-79.4607617
418,North Saanich,26,48.6563671,-123.4327941
419,North Vancouver,951,49.3206294,-123.0737925
420,North York,1021,43.7543263,-79.44911696639593
421,Norwood,119,44.0620297,-66.0266762
422,Notre Dame Des Prairies,139,46.0421555,-73.4351195
423,Notre-dame-des-pins,168,46.183158,-70.713844
424,Notre-dame-des-prairies,183,46.0421555,-73.4351195
425,Notre-dame-des-prairies - Joliette,10,46.0421555,-73.4351195
426,Oak Bay,32,48.4261126,-123.3170727
427,Oakville,3275,43.447436,-79.666672
428,Okotoks,887,50.7253685,-113.975082
429,Olds,442,51.7923735,-114.1130367
430,Oliver,9,49.18631205,-119.54756820536633
431,Orangeville,781,43.9193171,-80.0973754
432,Orillia,318,44.6092059,-79.4175587
433,Oromocto,17,45.8474496,-66.471212
434,Oshawa,727,43.8975558,-78.8635324
435,Ottawa,7977,45.4211435,-75.6900574
436,Owen Sound,245,44.5678105,-80.9430094
437,Paisley,16,53.4139488,-113.559332
438,Papineauville,40,45.61884,-75.020142
439,Paradise,20,44.8697855,-65.2075188
440,Paradise Hill,44,53.5366497,-109.4620026
441,Parksville,56,49.3179514,-124.3117397
442,Parry Sound,173,45.3436067,-80.0337392
443,Paspebiac,39,48.0294111,-65.2490836
444,Peace River,335,56.23253295,-117.32067067804391
445,Pelham,54,43.0445702,-79.2838481
446,Pembroke,438,45.8260909,-77.113541
447,Penticton,1205,49.5003268,-119.5932499
448,Perth,110,44.8992423,-76.2487294
449,Petawawa,71,45.8984286,-77.2826645
450,Peterborough,547,44.3048009,-78.3199496
451,Petersfield,4,50.3047521,-96.9630202
452,Petrolia,87,42.882002,-82.149582
453,Pickering,964,43.835765,-79.090576
454,Pincher Creek,32,49.4914699,-113.95256806594631
455,Pincourt,428,45.371202,-73.986053
456,Pitt Meadows,686,49.2207623,-122.6901534
457,Plessisville,123,46.219515,-71.771965
458,Plympton-wyoming,21,43.0699736,-82.1529152
459,Point Edward,1,46.1626865,-60.276691
460,Pointe-aux-trembles,113,45.667824350000004,-73.50513339569802
461,Pointe-claire,441,45.4566767,-73.8067442
462,Ponoka,659,52.6794142,-113.5871706
463,Port Alberni,86,49.2343668,-124.8056517
464,Port Coquitlam,539,49.2621643,-122.7805425
465,Port Dover,22,42.7845713,-80.2005169
466,Port Elgin,6,46.0451741,-64.0898064
467,Port Hardy,58,50.7244402,-127.4976081
468,Port Hawkesbury,88,45.6180851,-61.3574589
469,Port Hope,200,43.9515755,-78.2939704
470,Port Moody,324,49.2822243,-122.8293424
471,Port Perry,27,44.1054151,-78.9425076
472,Port Sydney,5,45.2209022,-79.2935709
473,Portage La Prairie,102,49.972422,-98.289185
474,Powell River,26,49.835676,-124.524412
475,Prescott,33,44.7184132,-75.5191675
476,Prince Albert,1266,53.201097,-105.748901
477,Prince Edward,54,46.248346350000006,-63.13584715141698
478,Prince George,865,53.9128645,-122.7453699
479,Princeville,11,46.1722898,-71.8751852
480,Provost,58,52.3547862,-110.263915
481,Puslinch,54,43.47750295,-80.11377014121024
482,Quebec,4532,52.4760892,-71.8258668
483,Quebec City,140,46.8137431,-71.2084061
484,Quesnel,730,52.9794279,-122.4936273
485,Quinte West,113,44.191211,-77.5666791
486,Rawdon,33,46.0454129,-73.7107666
487,Raymond,9,49.4606969,-112.6558579
488,Red Deer,1312,52.2697395,-113.8181766
489,Red Deer County,326,52.1040224,-113.767473
490,Redwater,26,53.9527743,-113.1124871
491,Regina,6494,50.44876,-104.61731
492,Renfrew,51,45.4720417,-76.6838617
493,Repentigny,1233,45.7326055,-73.4528307
494,Rexton,157,46.641481,-64.8645487
495,Richelieu,33,45.4418993,-73.2500193
496,Richibucto,12,46.6742757,-64.867452
497,Richmond,6357,49.163168,-123.137414
498,Richmond Hill,842,43.880078,-79.439392
499,Rimbey,75,52.64338875,-114.22973190092168
500,Rimouski,831,48.450155,-68.529968
501,Riviere-du-loup,465,47.8358164,-69.5368025
502,Roberval,251,48.514785,-72.224808
503,Roblin,33,51.233333,-101.35
504,Rockland,87,45.0065642,-64.7041513
505,Rocky Mountain House,102,52.38196845,-114.91205773182915
506,Rodney,6,45.6088821,-64.0335498
507,Rosetown,77,51.554815,-107.9912859
508,Rouyn-noranda,793,48.2420524,-79.0205378
509,Saguenay,1189,48.405959,-71.069183
510,Saint Bernard,22,46.498156,-71.137161
511,Saint George,5,48.425945299999995,-58.48950759805099
512,Saint John,754,45.278752,-66.058044
513,Saint-Laurent-de-l'Île-d'Orléans,12,46.878185450000004,-70.996714053301
514,Saint-Léonard-d'Aston,8,46.107041,-72.37484
515,Saint-Rémi,156,45.2591064,-73.6188315
516,Saint-agapit,26,46.562873,-71.435165
517,Saint-albert,4,46.0003622,-72.0885118
518,Saint-ambroise-de-kildare,45,46.078336,-73.5523887
519,Saint-anselme,44,46.6296389,-70.9705238
520,Saint-apollinaire,67,46.61195,-71.513786
521,Saint-augustin-de-desmaures,15,46.743354,-71.4569733
522,Saint-barthelemy,11,46.1912244,-73.1199
523,Saint-basile-le-grand,344,45.526246,-73.2876515
524,Saint-boniface,10,46.505246,-72.828712
525,Saint-bruno-de-montarville,136,45.5256161,-73.3391798
526,Saint-cesaire,26,45.4100995,-73.0040509
527,Saint-chrysostome,10,45.1027107,-73.7599069
528,Saint-clet,18,45.3529778,-74.2236363
529,Saint-constant,290,45.3724897,-73.5704589
530,Saint-cyrille-de-wendover,14,45.933005,-72.424622
531,Saint-esprit,104,45.898371,-73.666077
532,Saint-eustache,5241,45.5646052,-73.8929714
533,Saint-felicien,667,48.654232,-72.448654
534,Saint-felix-de-kingsey,9,45.7953454,-72.1905062
535,Saint-francois-du-lac,34,46.065132,-72.823563
536,Saint-georges,549,46.122987,-70.671959
537,Saint-henri,14,46.692077,-71.067123
538,Saint-hubert,78,45.5042755,-73.4216976
539,Saint-hyacinthe,766,45.627484,-72.940636
540,Saint-isidore,32,46.585058,-71.090469
541,Saint-jean-sur-richelieu,916,45.3056879,-73.2533401
542,Saint-jerome,1162,45.775426,-74.013176
543,Saint-joseph-de-beauce,3,46.310181,-70.877953
544,Saint-joseph-de-kamouraska,1,47.610323,-69.6419516
545,Saint-joseph-du-lac,61,45.5333352,-74.0060242
546,Saint-laurent,7,45.49594985,-73.7230671808926
547,Saint-lin - Laurentides,38,45.857047699999995,-73.78085836161237
548,Saint-ludger,1,45.742131,-70.694618
549,Saint-martin,20,45.9592501,-70.6562051
550,Saint-michel,13,45.2381816,-73.5699087
551,Saint-nicolas,843,46.7000531,-71.3965556
552,Saint-norbert,31,46.1698417,-73.3147505
553,Saint-norbert-d'arthabaska,12,46.1067126,-71.820649
554,Saint-pascal,71,47.5266271,-69.8074463
555,Saint-pie,19,45.504903,-72.905273
556,Saint-prosper,49,46.211675,-70.481071
557,Saint-raymond,187,46.889058,-71.835136
558,Saint-roch-de-l'achigan,9,45.856065,-73.593292
559,Saint-sulpice,208,45.826646,-73.358116
560,Saint-thomas,23,46.0138485,-73.3508635
561,Saint-Éphrem-de-Beauce,6,46.059891,-70.953827
562,Sainte-Anne-de-Beaupré,4,47.0260796,-70.9253362
563,Sainte-Anne-de-la-Pérade,1,46.5714957,-72.2086114
564,Sainte-Thérèse,122,45.6342923,-73.8362379
565,Sainte-agathe-des-monts,322,46.046072,-74.279938
566,Sainte-anne-de-beaupre,11,47.0260796,-70.9253362
567,Sainte-anne-des-lacs,20,45.8615511,-74.1244186
568,Sainte-anne-des-monts,16,49.0960983,-66.41107230421366
569,Sainte-brigitte-de-laval,105,47.0025,-71.194496
570,Sainte-catherine,172,45.400642,-73.5756074
571,Sainte-julie,302,45.5930624,-73.3395943
572,Sainte-julienne,33,45.9624229,-73.710013
573,Sainte-justine,30,46.410405,-70.348206
574,Sainte-madeleine,6,45.594822,-73.093758
575,Sainte-marie,252,46.450395,-71.030731
576,Sainte-sophie,48,45.818718,-73.8991887
577,Salaberry-de-valleyfield,876,45.2555625,-74.1316153
578,Salmon Arm,552,50.7005059,-119.2790529
579,Sarnia,841,42.9746137,-82.4065585
580,Saskatoon,4911,52.131802,-106.660767
581,Saugeen Shores,42,44.4132114,-81.40823751997623
582,Sault Ste. Marie,1439,46.52391,-84.320068
583,Scarborough,1174,43.7729744,-79.2576479
584,Schomberg,34,44.001387,-79.682541
585,Schreiber,4,48.8114595,-87.2627416
586,Scott,37,46.504773,-71.071243
587,Seaforth,56,44.6724025,-63.2624061
588,Sechelt,51,49.4721147,-123.7631244
589,Selkirk,207,50.146986,-96.880188
590,Selwyn,39,44.42370665,-78.36854717286874
591,Sept-les,161,47.1254595,-70.8177387
592,Shaunavon,6,49.6507703,-108.4100213
593,Shawinigan,2390,46.5389609,-72.7467621
594,Shawville,69,45.6035643,-76.4914676
595,Shediac,46,46.219454,-64.5492146
596,Shellbrook,27,53.22248,-106.387482
597,Sherbrooke,2791,45.403271,-71.889038
598,Sherwood Park,1949,53.5256963,-113.2966313
599,Shoal Lake,44,50.4378995,-100.5911707
600,Simcoe,118,42.8372434,-80.3039146
601,Sioux Lookout,5,50.11345465,-92.19624322619077
602,Slave Lake,43,55.2810741,-114.7717876
603,Smithers,50,54.7792074,-127.1760991
604,Smiths Falls,258,44.9013316,-76.0212062
605,Smoky Lake,14,46.56292205,-79.247990603125
606,Sorel-tracy,2047,46.044404,-73.104744
607,Southampton,28,45.5888861,-64.2456315
608,Southey,58,50.9387419,-104.5055532
609,Spirit River,4,55.777498,-118.8376264
610,Spokane,1,47.66348255,-117.42184670875662
611,Spragge,88,46.2086647,-82.6517529
612,Springbrook,17,46.4933991,-63.5057314
613,Spruce Grove,642,50.1303702,-122.9507386
614,Squamish,120,49.6980743,-123.1558612
615,St Albert,75,53.633239,-113.628845
616,St Catharines,269,43.1579812,-79.2441003
617,St Hubert,59,45.5042755,-73.4216976
618,St Jean Sur Richelieu,70,45.3056879,-73.2533401
619,St John's,232,47.561701,-52.715149
620,St Johns,4,43.0754766,-80.0800058
621,St Stephen,30,45.2004005,-67.2798634
622,St Thomas,2044,42.779022,-81.1929882
623,St-eustache,234,45.5646052,-73.8929714
624,St-hyacinthe,114,45.627484,-72.940636
625,St-jean-sur-richelieu,8,45.3056879,-73.2533401
626,St-jerome,29,45.775426,-74.013176
627,St-leonard,43,47.1651978,-67.9244707
628,St-malachie,31,46.531705,-70.766716
629,St-mathieu-de-beloeil,48,45.6044349,-73.2492469
630,St-raymond,2,46.889058,-71.835136
631,St. Albert,390,53.633239,-113.628845
632,St. Anthony,7,51.3653968,-55.5919335
633,St. Catharines,2172,43.1579812,-79.2441003
634,St. Jacobs,16,43.532949,-80.554627
635,St. John's,1437,47.561701,-52.715149
636,St. Johns,257,43.0754766,-80.0800058
637,St. Marys,101,43.2570855,-81.1408629
638,St. Paul,56,53.9876467,-111.291114
639,Ste Julie,124,45.5930624,-73.3395943
640,Ste Justine,257,46.410405,-70.348206
641,Ste-agathe-des-monts,36,46.046072,-74.279938
642,Ste-catherine,4,45.400642,-73.5756074
643,Ste-foy,146,46.7679035,-71.3082412
644,Ste-julie,40,45.5930624,-73.3395943
645,Ste-marie,65,46.450395,-71.030731
646,Steinbach,234,49.530557,-96.69342
647,Stellarton,39,45.5574527,-62.6591139
648,Stephenville,32,48.5452022,-58.5871146
649,Stettler,100,52.3228746,-112.71302
650,Stirling,15,49.5016384,-112.5281133
651,Stony Plain,122,53.5310131,-113.9998496
652,Stratford,433,43.3700899,-80.9818016
653,Strathmore,917,51.0467479,-113.40548860649379
654,Strathroy,118,42.966146,-81.59100834347846
655,Sudbury,125,46.49272,-80.991211
656,Summerside,556,46.394306,-63.789368
657,Sundridge,66,45.7104857,-62.850454
658,Sunny Corner,141,46.9480272,-65.8134376
659,Surrey,6572,49.1913033,-122.8491439
660,Sussex,183,45.7234763,-65.5104239
661,Sutton,31,45.1115241,-72.6186317
662,Swan River,28,52.1050567,-101.2705406
663,Swift Current,137,50.2849138,-107.7984496
664,Sydney,947,46.137977,-60.194092
665,Sylvan Lake,44,52.3056132,-114.0908391
666,Taber,87,49.7932232,-112.1436569
667,Tatamagouche,10,45.7109353,-63.2879017
668,Tecumseh,20,42.3117951,-82.8861974
669,Temiskaming Shores,37,47.508731,-79.6789029
670,Terrace,136,54.5172715,-128.599548
671,Terrace Bay,11,48.782437,-87.102356
672,Terrebonne,975,45.6782015,-73.7424135
673,The Pas,180,53.8224172,-101.2405153
674,Thetford Mines,457,46.091329,-71.30127
675,Thompson,252,55.743347,-97.863464
676,Thorndale,37,43.1054531,-81.1401989
677,Thornhill,777,43.8161477,-79.4245925
678,Thornton,7,44.2708998,-79.7221475
679,Thorold,9,43.1249127,-79.2005935
680,Thunder Bay,961,48.406414,-89.259796
681,Thurso,50,45.598185,-75.246048
682,Tilbury,88,42.2593155,-82.4322682
683,Tillsonburg,1066,42.859494,-80.7265015
684,Timmins,161,48.477473,-81.330414
685,Tingwick,4,45.8813611,-71.9438505
686,Tisdale,52,52.848327850000004,-104.0537297262797
687,Toronto,14998,43.6534817,-79.3839347
688,Tracadie Sheila,11,47.515751,-64.9127856
689,Tracadie-sheila,26,47.515751,-64.9127856
690,Trail,554,49.0944508,-117.7095371
691,Treherne,12,49.633333,-98.7
692,Trenton,35,45.6140166,-62.6331223
693,Trois-Rivières,4124,46.3507999,-72.5571257
694,Trois-rivieres,33,46.3507999,-72.5571257
695,Truro,791,45.366668,-63.300006
696,Tusket,38,43.8548416,-65.9746739
697,Témiscouata-sur-le-Lac,17,47.67154305,-68.87854866367469
698,Unionville,27,43.8516697,-79.3143184
699,Unit #101,8,43.2576765,-79.9428852
700,Unit 2,45,43.2584366,-79.8727588
701,Unit 2 & 3,146,36.4391739,28.2335983
702,Unit 4,31,44.744143,-63.2843473
703,Unit 5,55,49.25446195000001,-122.80131113283457
704,Unit A,197,36.440883,28.2336464
705,Unity,11,52.4428508,-109.1548985
706,Upper Onslow,99,45.3922895,-63.2913032
707,Uxbridge,141,44.1088502,-79.1226768
708,Val Gagné,37,48.6164005,-80.6383123
709,Val-d'or,417,48.1023356,-77.7875715
710,Val-david,98,46.0282815,-74.2065632
711,Vallée-Jonction,28,46.376544,-70.924988
712,Vancouver,5601,49.2608724,-123.113952
713,Vanderhoof,73,54.0175289,-124.0076627
714,Varennes,69,45.6834691,-73.4362737
715,Vaudreuil-dorion,2051,45.3971509,-74.0254577
716,Vaughan,5293,43.7941544,-79.5268023
717,Vegreville,62,53.5,-112.05
718,Vermilion,40,53.3527093,-110.8542072
719,Vernon,1146,50.2668671,-119.2718157
720,Verona,48,44.4807231,-76.6939071
721,Victoria,1713,48.4283182,-123.3649533
722,Victoriaville,1819,46.0554948,-71.9598586
723,Ville Mont Royal,17,45.517261649999995,-73.62892403956951
724,Virden,57,49.8485092,-100.9322654
725,Wadena,16,51.9439343,-103.8022616
726,Wainwright,39,52.8374281,-110.8612063
727,Wakefield,4,45.639968,-75.92926
728,Walkerton,85,44.1331908,-81.1485894
729,Warman,25,52.3210873,-106.58425844059354
730,Waterloo,1639,43.4652699,-80.5222961
731,Watford,87,44.5403165,-64.6782635
732,Watrous,87,51.681790750000005,-105.46355995374668
733,Wawa,26,47.9929283,-84.7740199
734,Weedon,26,45.7014223,-71.465431
735,Welland,1247,42.9922181,-79.2484192
736,Wendake,3,46.8682022,-71.3631049970157
737,West Kelowna,309,49.8585784,-119.5828768
738,West Nipissing,30,46.3653409,-79.9321566
739,Westbank,34,49.8309376,-119.62889
740,Westlock,37,54.1562022,-113.8442804
741,Weston,58,43.7001608,-79.5162474
742,Westville,80,45.5615392,-62.7085523
743,Wetaskiwin,311,52.968492,-113.36792
744,Weyburn,116,49.669405,-103.851013
745,Whitby,1006,43.87982,-78.9421751
746,Whitchurch-stouffville,222,43.9717581,-79.2454446
747,Whitecourt,77,54.1367844,-115.6544084
748,Whitehorse,45,60.721571,-135.054932
749,Wilkie,391,52.4095307,-108.7068761
750,Williams Lake,191,52.1292657,-122.1397259
751,Wilmot,20,44.9619437,-64.9992371
752,Windsor,2091,42.317099,-83.0353434
753,Winkler,27,49.187089,-97.937622
754,Winnipeg,7982,49.8955367,-97.1384584
755,Woodbridge,982,43.7848982,-79.5923855
756,Woodstock,468,49.96551395,-55.91396714674725
757,Yarmouth,789,43.8372648,-66.1157
758,Yellowknife,51,62.4540807,-114.377385
759,York,38,43.6896191,-79.479188
760,Yorkton,289,51.212045,-102.461243
